population,median_yes,median_no,effect_size,p_raw,p_adj,reject_null
cd4_t_cell,30.56,29.63,0.5433845584677993,1.4110464843219062e-09,7.055232421609531e-09,True
b_cell,9.31,9.76,0.4630671523568305,2.551323500866611e-07,6.378308752166526e-07,True
monocyte,19.73,19.925,0.4848056765037897,0.03397836031905997,0.05663060053176662,False
cd8_t_cell,24.61,24.76,0.48661961543204607,0.061874079879085525,0.0773425998488569,False
nk_cell,14.61,14.77,0.49212797746094084,0.2719787112271107,0.2719787112271107,False
